ProfileName,Email,UseTaskEmail,Max,DOB,ShippingFirstName,ShippingLastName,ShippingAddress1,ShippingAddress2,ShippingHouseNum,ShippingCity,ShippingState,ShippingZipCode,ShippingCountry,ShippingPhone,ShippingJPFirstName,ShippingJPLastName,BillingAsShipping,BillingFirstName,BillingLastName,BillingAddress1,BillingAddress2,BillingHouseNum,BillingCity,BillingState,BillingZipCode,BillingCountry,BillingPhone,BillingJPFirstName,BillingJPLastName,CardType,CardHolderName,CardNumber,CardExpMonth,CardExpYear,CardCVV
Profile1,john@gmail.com,True,0,1/12/1992,John,Doe,123 E Main St.,,,San Fransisco,CA,94016,US,6890920912,John,Doe,True,John,Doe,123 E Main St.,,,San Fransisco,CA,94016,US,6890920912,John,Doe,visa,John Doe,4242424242424242,02,2022,143
Profile2,jane@gmail.com,True,0,1/12/1992,Jane,Doe,124 E Main St.,Apt 2,,Los Angelos,CA,90001,US,4590789877,Jane,Doe,False,,,,,,,,,US,4590789877,,,visa,Jane Doe,4242424242424243,03,2021,478
Profle3,bobby@catchall.com,True,0,1/12/1992,bob,smur,123 A Copalot St.,,,Toronto,ON,K1B9L2,CA,4834883483,bob,smur,True,bob,smur,123 A Copalot St.,,,Toronto,ON,K1B9L2,CA,4834883483,bob,smur,master_card,Bob Ray,5324234509871234,08,2023,032
1,adhd@catchall.com,True,0,1/12/1992,Bob,Marley,123 Street Road,Apt 1,,Highland,CA,95121,US,1245357657,Bob,Marley,True,Bob,Marley,123 Street Road,Apt 1,,Highland,CA,95121,US,1245357657,Bob,Marley,visa,Bob Marley,4824511832727475,02,2023,412
AMEX,ewuyfweu@yewfuy.com,True,0,1/12/1992,Keke,Cringe,218 Cop Alot,,,Yeeztopia,PA,32914,US,1425684465,Keke,Cringe,False,Keke,Cringe,218 Cop Alot,ap 2,,Yeeztopia,PA,32914,US,1425684465,Keke,Cringe,american_express,Keke Cringe,379231848659177,06,2022,5344
Test 3,fwef@vkyfwe.com,True,0,1/12/1992,Fake,Profile,Aven Grove 395,,,Citi,TX,78732,US,6546452357,Fake,Profile,True,Fake,Profile,Aven Grove 395,,,Citi,TX,78732,US,6546452357,Fake,Profile,discover,Profile Fake,6011842957971616,09,2025,582
