Profile Name,Email Address,Shipping First Name,Shipping Last Name,Shipping Country,Shipping State,Shipping Address,Shipping Address Two,Shipping City,Shipping Postal,Shipping Phone,Same Billing,Billing First Name,Billing Last Name,Billing Country,Billing State,Billing Address,Billing Address Two,Billing City,Billing Postal,Billing Phone,Card Number,Card CVV,Expire Month,Expire Year,Card Type
Profile1,john@gmail.com,John,Doe,US,CA,123 E Main St.,,San Fransisco,94016,6890920912,TRUE,John,Doe,US,CA,123 E Main St.,,San Fransisco,94016,6890920912,4242424242424242,143,02,2022,Visa
Profile2,jane@gmail.com,Jane,Doe,US,CA,124 E Main St.,Apt 2,Los Angelos,90001,4590789877,FALSE,,,US,,,,,,4590789877,4242424242424243,478,03,2021,Visa
Profle3,bobby@catchall.com,bob,smur,CA,ON,123 A Copalot St.,,Toronto,K1B9L2,4834883483,TRUE,bob,smur,CA,ON,123 A Copalot St.,,Toronto,K1B9L2,4834883483,5324234509871234,032,08,2023,Mastercard
1,adhd@catchall.com,Bob,Marley,US,CA,123 Street Road,Apt 1,Highland,95121,1245357657,TRUE,Bob,Marley,US,CA,123 Street Road,Apt 1,Highland,95121,1245357657,4824511832727475,412,02,2023,Visa
AMEX,ewuyfweu@yewfuy.com,Keke,Cringe,US,PA,218 Cop Alot,,Yeeztopia,32914,1425684465,FALSE,Keke,Cringe,US,PA,218 Cop Alot,ap 2,Yeeztopia,32914,1425684465,379231848659177,5344,06,2022,Amex
Test 3,fwef@vkyfwe.com,Fake,Profile,US,TX,Aven Grove 395,,Citi,78732,6546452357,TRUE,Fake,Profile,US,TX,Aven Grove 395,,Citi,78732,6546452357,6011842957971616,582,09,2025,Discover
