Profile Name	Email Address	Card Type	Card Number	Card CVV	Card Expires	Billing Country	Billing Phone	Billing First	Billing Last	Billing Street 1	Billing Street 2	Billing Zip	Billing City	Billing State	Shipping Country	Shipping Phone	Shipping First	Shipping Last	Shipping Street 1	Shipping Street 2	Shipping Zip	Shipping City	Shipping State
Profile1	john@gmail.com	Visa	4242424242424242	143	2/22	United States	6890920912	John	Doe	123 E Main St.		94016	San Fransisco	California	United States	6890920912	John	Doe	123 E Main St.		94016	San Fransisco	California
Profile2	jane@gmail.com	Visa	4242424242424243	478	3/21	United States	4590789877								United States	4590789877	Jane	Doe	124 E Main St.	Apt 2	90001	Los Angelos	California
Profle3	bobby@catchall.com	MasterCard	5324234509871234	032	8/23	Canada	4834883483	bob	smur	123 A Copalot St.		K1B9L2	Toronto	Ontario	Canada	4834883483	bob	smur	123 A Copalot St.		K1B9L2	Toronto	Ontario
1	adhd@catchall.com	Visa	4824511832727475	412	2/23	United States	1245357657	Bob	Marley	123 Street Road	Apt 1	95121	Highland	California	United States	1245357657	Bob	Marley	123 Street Road	Apt 1	95121	Highland	California
AMEX	ewuyfweu@yewfuy.com	Amex	379231848659177	5344	6/22	United States	1425684465	Keke	Cringe	218 Cop Alot	ap 2	32914	Yeeztopia	Pennsylvania	United States	1425684465	Keke	Cringe	218 Cop Alot		32914	Yeeztopia	Pennsylvania
Test 3	fwef@vkyfwe.com	Discover	6011842957971616	582	9/25	United States	6546452357	Fake	Profile	Aven Grove 395		78732	Citi	Texas	United States	6546452357	Fake	Profile	Aven Grove 395		78732	Citi	Texas
